1971-2000,239.8281573,258.653703,242.6695567,215.1604532,233.6453327,214.74542,244.7483237,236.9729015,222.5900441,222.9259263,256.1389961,219.8815937,218.5686335,211.850904,219.7443963,214.3466018,235.0134318,239.9112697,251.939307,247.2834877,220.0969006,211.583437,228.592939,237.8714283,222.5725437,225.5776483,226.4427443,239.2258337,212.4050517,227.510842,241.9916905,232.459271,,
2035-2064,220.6313467,219.4934995,186.3835518,174.9643245,194.4171698,199.8902732,196.6989667,190.610897,164.1298545,225.9695578,183.4498041,223.585402,202.9614055,179.4654975,203.316537,191.9609743,195.5053663,198.2130547,238.3945767,224.7142963,235.8117412,176.8781533,177.5192928,199.9671563,220.3496819,180.0768339,244.4584632,217.8366658,197.4367695,193.684383,179.9807928,229.0976115,,
Delta,-8.004402352,-15.14001269,-23.19450598,-18.68193162,-16.78961971,-6.917561657,-19.63214957,-19.56426418,-26.26361382,1.365310689,-28.37880727,1.684455834,-7.140653145,-15.28688613,-7.475894558,-10.44365867,-16.81098193,-17.38068204,-5.376187819,-9.126849328,7.139964498,-16.40264671,-22.34261758,-15.93477294,-0.998713392,-20.17079919,7.955970895,-8.940994167,-7.047046221,-14.86806462,-25.62521778,-1.446128384,,-15.00403866
,,,,,,,,,,,,,,,,,,,,,,,,,,,,,,,,,,
Apr,34203.49593,35467.84337,30768.67115,29606.21346,31107.36772,31017.22517,31293.96672,31366.85246,29821.82763,32976.96442,30768.0474,33426.88746,30685.42314,30585.83442,32380.07126,31260.0809,31723.11105,31557.04263,35696.11816,34824.56713,35460.2002,28898.44857,29508.78068,33675.92744,32923.39659,29463.57873,34644.43902,33639.68495,31515.94909,32027.56509,31210.31055,33178.34015,,1026684.233
1950,170.01067,103.96625,205.48616,117.01955,147.08093,71.747696,129.9314,49.21206,96.94776,99.26957,218.75476,125.11703,82.065414,62.393356,132.9656,144.55893,75.35207,80.644516,155.52834,123.86091,231.98795,132.13718,186.74977,135.02202,100.20306,221.00964,36.261395,94.764534,151.86139,120.8419,223.33356,70.22301,,4096.308381
1951,184.25883,133.55711,161.31047,125.82104,125.97448,242.03406,161.6051,274.83923,518.2287,317.08362,147.49008,166.15956,225.99162,196.2733,217.4092,138.48286,159.88043,195.53926,141.39854,259.80112,137.38626,321.16785,91.7336,203.12315,80.55396,90.4739,177.82204,233.5088,149.03728,216.96255,294.73,353.71042,,6443.34842
1952,265.8618,255.99252,101.88036,272.65894,361.62888,321.34064,127.03141,224.64246,286.82272,283.62158,317.62805,262.1974,118.13751,188.36682,233.20282,317.0997,309.72702,130.70435,228.21164,294.50415,299.78085,178.81665,290.9154,236.26662,197.90921,298.9063,210.0767,155.5289,165.98938,141.72626,278.5754,242.333,,7598.08544
1953,180.1691,367.20087,125.29899,142.52032,268.98196,193.35875,266.80383,146.02144,316.91028,252.88354,176.03673,329.51212,157.7608,284.14532,289.6826,353.5853,287.19922,360.89774,118.31778,322.56625,277.1689,253.01628,209.61537,213.45117,180.59743,198.07396,345.25998,146.48274,256.81793,145.4465,215.5298,198.60805,,7579.92105
1954,273.32776,302.50757,326.02945,264.21146,219.61513,169.51215,119.01809,90.14786,208.55296,328.0788,202.51361,206.29564,323.54858,253.47324,353.84732,242.92328,191.47925,331.83212,242.90297,376.58588,252.62338,280.4068,242.3063,295.17136,304.7565,165.96255,239.7771,170.00731,196.8961,284.00473,274.05774,217.67784,,7950.05083
1955,334.0546,154.90382,256.85736,257.63968,278.97205,177.39328,120.95841,206.67284,339.0921,260.93216,290.37125,103.47873,344.6909,364.77078,81.948456,344.00272,161.4066,269.82196,224.58304,230.75726,191.34338,425.54285,277.30948,172.31422,216.07243,216.04155,242.63004,215.5015,144.02058,191.45425,153.06934,258.91193,,7507.519546
1956,325.656,172.45975,286.7454,293.38202,179.82114,137.8358,223.0586,227.86037,141.9009,209.30257,143.83875,241.35974,91.12859,400.27112,297.92935,250.91794,105.30983,145.00197,329.3434,243.15768,184.5725,274.33524,238.05374,285.64517,131.88126,309.1221,340.64984,266.08832,132.57149,169.68008,215.33241,195.80429,,7190.01736
1957,251.04694,180.75516,194.183,259.6387,146.69739,186.3988,161.20607,195.48299,143.65274,231.41296,246.63899,285.34802,327.08835,230.9219,171.64777,163.99919,99.67197,223.26013,332.82095,369.4475,135.67679,296.7957,285.3533,139.29567,244.71376,312.96423,109.90795,197.89328,164.92456,281.96588,162.67442,225.78952,,6959.27458
1958,213.64407,278.72232,200.7322,144.3896,255.38235,194.73613,268.45148,165.56406,122.9618,282.97934,341.12805,161.88129,183.29506,181.32895,293.10422,337.42856,259.50687,138.21016,281.54077,146.19162,163.57063,216.18939,319.2324,308.60522,236.61758,261.81998,292.42148,341.59384,271.83563,365.5285,233.92833,197.04436,,7659.56624
1959,164.25784,279.9188,152.32585,169.5661,110.76889,261.3201,203.02368,155.10652,272.49387,197.96696,250.36484,216.7116,288.2393,181.83669,247.32289,220.83778,182.87927,248.923,230.39363,335.01755,216.8968,185.05585,295.27148,318.1257,130.12636,95.188126,221.60603,290.03598,114.725105,135.34776,105.089226,277.13123,,6753.874807
1960,165.75247,177.54446,369.71494,302.33206,140.39685,314.74896,346.04483,237.09927,148.94295,265.44302,281.94275,211.63959,341.75882,287.10825,93.461136,383.4943,173.05067,273.7928,277.43176,326.13162,268.16727,283.68372,297.6835,124.02158,468.55298,139.58942,251.72461,213.32416,182.35202,325.57642,199.16058,253.74467,,8125.412436
1961,239.58144,215.1139,170.95432,166.15625,170.26971,304.1195,209.88278,347.17944,237.76132,161.79524,195.9858,225.6244,177.75098,201.3852,293.50433,302.12506,181.94429,245.30923,283.81006,298.77322,206.09811,242.69292,217.99037,229.85623,261.60864,302.76605,162.63129,194.03668,332.75354,216.96382,171.35852,67.106186,,7234.888826
1962,315.89227,273.99332,220.83661,242.39584,227.13957,235.71822,177.71355,292.84787,282.2239,171.64676,59.335903,150.67793,360.96786,326.85385,292.0329,173.83737,168.91231,253.06786,265.9812,343.76947,381.86963,262.79605,236.32991,194.75194,258.04752,230.19148,312.88388,157.99075,227.30609,237.87709,224.38504,325.00647,,7885.280413
1963,291.46436,282.77084,210.67247,144.88983,126.56045,333.30548,176.79214,232.81825,387.50336,321.97116,265.07355,253.78731,127.04779,267.58923,201.20972,219.0875,219.27396,185.7221,189.1074,160.83347,275.41608,229.45955,92.28175,264.4447,299.55893,197.27907,342.01532,303.9571,288.38434,186.80722,312.77628,170.0974,,7559.95811
1964,275.2672,258.43845,145.09456,401.44357,299.80573,199.51608,229.29535,272.18744,279.80157,367.1869,242.17079,329.89572,123.44583,154.6878,124.41911,228.5045,227.99728,99.536934,283.5523,225.56876,162.75778,128.35472,271.28226,343.17545,244.46255,142.84676,334.38977,228.97623,238.95308,311.09058,249.6992,130.64122,,7554.445474
1965,285.82263,242.68985,138.22438,129.57951,319.50827,210.02522,213.2434,345.83704,112.41252,241.91496,317.58533,290.49716,224.01022,363.68723,285.9808,253.81561,291.1187,215.44852,212.49043,206.44565,291.90817,235.46579,374.6601,230.22461,233.46535,458.66937,174.05365,92.02878,223.22975,220.23665,133.33574,228.14362,,7795.75901
1966,164.50272,387.93558,193.6841,158.28413,148.95155,220.55592,185.08354,359.81516,183.60236,202.48138,108.46392,190.91548,176.38692,304.99496,297.22827,300.30392,121.368324,428.11874,210.80817,155.07515,227.591,159.7442,232.07634,471.0435,405.3233,211.88657,285.61612,274.06592,148.52618,201.35402,234.15251,302.27582,,7652.215774
1967,274.1311,227.27357,210.4433,156.58934,143.13374,217.30269,94.053345,247.96802,280.55594,251.62437,180.8234,190.994,225.66476,290.5207,211.38387,138.20583,186.08531,328.94757,307.70862,184.4158,214.60464,260.04608,145.9173,199.39804,165.02788,136.68196,158.38539,225.26424,119.16726,372.44147,218.36482,237.9195,,6801.043855
1968,346.02655,213.98581,82.09189,194.93625,210.06062,259.42282,260.90375,145.50444,128.49208,325.17798,329.8472,303.51184,183.29247,197.75493,234.17155,179.9118,155.51894,305.74078,295.2693,228.90314,416.706,213.85626,202.17534,324.54807,338.68704,252.71785,264.15775,145.55614,199.16383,262.1941,171.8731,306.01703,,7678.17665
1969,287.91055,252.39296,216.68022,278.1536,128.37054,217.47662,255.98953,221.23878,147.24937,152.14021,140.89291,142.55779,147.87714,306.54996,194.00082,220.73082,240.15065,362.56628,269.52515,298.6372,380.85162,231.45094,237.11092,124.00284,312.8202,194.28609,211.65161,250.81252,335.17105,191.52715,172.22173,78.73276,,7201.73053
1970,405.15134,250.302,234.17148,195.6408,362.7257,252.05177,155.59332,297.48523,234.55286,219.22429,326.1865,270.19162,135.88412,182.63075,232.70511,285.8378,290.06018,211.84018,217.82538,258.35275,383.5529,274.55698,237.5976,205.1768,401.41843,418.34164,419.8484,346.40558,336.73825,185.9319,222.61328,298.36963,,8748.96457
1971,309.1009,335.2765,234.84705,117.88428,225.73494,192.5603,159.94354,333.78354,192.81274,173.3551,251.26486,289.72906,186.54535,305.61966,136.51895,231.90173,142.97104,293.71286,298.37405,203.01344,205.87839,283.13327,280.5104,247.8403,225.35408,238.64946,193.01698,273.8436,148.86414,116.43011,219.36609,187.7113,,7235.54801
1972,130.78772,156.9327,169.80717,367.81277,206.58136,228.70474,313.01376,195.15678,359.1889,142.9855,389.22513,319.00232,288.16132,182.13928,206.18883,317.28278,234.11424,159.01811,131.52571,194.57948,311.9161,252.10371,281.81284,315.49243,132.14381,186.22426,213.96693,187.5045,354.40314,319.39917,236.01778,179.4035,,7662.59677
1973,273.37656,229.1397,217.10732,322.30496,190.07147,271.50375,259.63446,321.6083,234.34454,207.60587,226.72316,163.67946,162.00388,162.30412,287.0258,202.82092,192.78798,234.46259,284.26508,265.7612,169.10457,252.26633,225.11327,130.89725,217.10156,321.5591,236.91095,126.07962,216.77629,101.43699,101.50417,218.51222,,7025.79344
1974,334.06177,217.3408,424.0521,121.319786,269.38248,228.37831,151.57513,236.97064,316.85718,266.8648,174.06819,270.2114,164.44214,191.17949,193.27695,199.20128,113.272255,277.90845,133.9296,152.03125,175.34373,200.98483,278.2829,267.37326,257.65637,196.59671,298.63766,162.59186,232.11864,278.88943,241.01086,225.48265,,7251.292901
1975,166.82362,196.75829,296.75143,284.93274,188.46614,269.41623,265.5785,189.02916,264.85672,366.74826,221.80774,200.023,240.73666,232.96173,369.43564,151.89478,166.77454,214.89731,309.81097,134.58246,119.816864,172.61021,328.10583,163.43976,274.42065,251.89792,267.62527,305.44925,245.66791,209.2733,232.63736,237.65831,,7540.888554
1976,369.78146,260.50928,158.23514,427.2825,170.5295,122.21009,207.92796,127.19987,183.54797,200.0859,261.06927,183.2988,183.43306,84.40815,194.36018,195.72292,313.5581,294.43512,149.98769,339.51547,349.78854,195.92775,346.4653,144.04465,248.94305,299.13684,258.4871,253.17194,323.21732,244.52765,320.71735,102.14295,,7513.66887
1977,220.7673,469.7139,341.0388,157.71587,158.84998,180.42903,257.09198,248.37265,145.25296,194.75354,282.20755,209.29466,291.54324,176.90826,203.49867,303.04626,324.6899,252.38847,442.7153,342.6372,151.6112,302.41632,242.49637,251.8307,413.5096,246.55998,230.00291,207.10864,333.75412,192.55472,428.01688,365.2378,,8568.01476
1978,200.53772,290.76187,328.0235,165.17331,213.75105,177.06882,297.0755,139.26141,253.0001,244.89812,312.2974,221.12904,232.47849,163.42017,125.98376,191.39833,259.7758,246.86441,238.39929,272.58823,269.0661,299.25186,119.99464,238.13046,390.7201,175.32648,232.73126,187.99944,182.62729,291.31528,239.75427,163.86656,,7364.67006
1979,424.87015,236.09563,349.22287,84.98767,182.812,275.04272,242.34904,133.14273,189.40561,271.02747,150.35582,138.38986,192.92253,137.18362,214.54314,204.98297,192.49788,176.82552,140.2044,166.44464,168.71693,177.73245,224.30519,339.32938,256.66794,258.804,235.99239,167.74667,291.49857,228.7266,366.91772,114.26837,,6934.01248
1980,95.15284,161.1934,101.10189,247.48132,123.32517,172.3121,177.50162,288.54156,182.49225,258.32068,241.38606,160.93912,44.39487,216.22229,122.74945,188.35855,153.74368,227.55626,224.4082,225.8677,319.53415,216.94415,179.82997,173.65611,226.5677,257.83978,202.77182,335.60495,117.06558,198.12206,177.36461,266.00125,,6284.35114
1981,218.94046,324.57568,350.8091,269.01672,295.155,161.95729,244.13702,318.86923,147.42029,317.4786,291.51556,232.10211,188.42625,209.28746,241.88821,223.88278,363.43036,296.24225,206.75119,321.67868,171.45302,230.8382,178.40112,176.18707,367.52054,255.56883,207.55731,243.74675,212.89833,126.25204,260.15286,256.55115,,7910.69146
1982,254.686,276.76382,156.50282,129.00917,304.26352,249.08607,378.86673,263.8925,322.1529,303.9933,174.77621,207.32742,331.04337,341.03055,135.5687,150.80658,263.85358,317.58057,270.44836,300.07565,153.24513,232.27826,221.68127,273.60623,279.3862,348.9893,225.0525,332.3544,272.41602,98.40246,219.57675,252.77406,,8041.4904
1983,185.62706,183.19777,174.96051,337.06674,379.78757,364.77814,137.12129,398.3683,294.97437,229.23103,292.59872,197.16786,279.10275,296.31396,40.56846,269.0919,313.99606,180.86215,297.74988,331.27524,374.13684,138.50162,195.51437,198.12239,124.60141,170.64772,236.60352,165.19324,131.98734,242.00192,204.92648,144.92976,,7511.00637
1984,195.89185,209.35712,159.01161,217.73987,201.7967,277.80774,188.95833,213.71643,257.93237,125.27845,274.56454,176.25806,111.73505,195.8718,259.97882,233.87848,187.08502,136.10413,373.948,150.35248,186.5944,125.66594,272.35938,232.41022,225.5012,207.94832,124.91156,236.80602,248.64084,285.0686,417.09137,106.34374,,6816.60844
1985,210.23103,297.0286,275.46252,276.74243,262.45505,173.76213,293.25824,221.00212,129.21922,404.25067,252.73262,186.01483,214.38495,153.91734,212.6811,281.33197,149.22652,134.9595,246.95079,349.7444,150.99695,91.41088,333.54517,124.68834,171.44965,221.97687,197.80469,443.1767,182.30168,237.78473,172.4674,228.28091,,7281.24
1986,287.3068,263.5924,162.89632,174.99481,328.55716,174.1299,389.5407,236.18184,468.45618,159.5494,134.82169,318.13272,233.30785,120.83371,307.25284,207.9055,250.27075,284.09647,257.34604,141.15521,251.07025,287.32663,175.82478,186.25328,243.51935,242.78383,185.3099,103.86859,240.58458,189.1873,103.598366,326.7376,,7436.392746
1987,120.42077,379.68677,358.07782,191.29993,178.60818,253.47592,189.94836,225.81075,232.34145,96.15795,343.92505,276.67856,159.19154,187.6815,199.91742,236.16612,192.31717,241.07535,358.2141,214.79942,260.39194,230.41647,286.21863,246.55042,189.92918,215.54312,204.16817,418.47824,127.33536,273.64096,126.93075,371.28226,,7586.67963
1988,223.57683,327.71902,221.97623,242.52397,271.46286,286.88147,271.4116,214.55132,102.395035,285.78616,275.6428,328.48724,184.93114,402.73727,216.24077,254.49002,320.8313,236.6431,356.0706,229.44012,178.48816,144.06165,253.04567,207.99817,236.29778,88.69925,299.62692,178.00652,193.59895,231.6925,216.7733,135.84433,,7617.932055
1989,345.17563,131.46448,366.829,299.76767,217.90681,191.46089,205.3395,259.0217,305.49847,261.82437,216.9432,236.18556,257.31186,168.63206,304.01324,277.06198,302.7761,269.61502,144.20851,284.47015,189.20312,246.72662,126.57269,350.67056,308.84753,194.39586,173.79147,340.86978,181.85143,191.90794,302.15457,254.20692,,7906.70469
1990,220.03476,327.6619,138.42595,171.47339,376.62778,175.35558,199.9341,209.15524,106.380035,196.2839,310.83713,138.78455,178.70737,235.18356,266.9369,135.60681,166.23322,116.37159,183.07567,282.67105,403.98373,275.48068,192.88065,259.20886,172.37886,245.41632,261.70364,305.3586,124.00286,98.81732,375.79575,272.36533,,7123.133085
1991,153.6727,198.68489,285.42038,212.4847,134.91946,244.81737,214.94449,191.6573,266.01016,140.48463,275.7156,184.7254,219.1278,232.96317,357.1507,178.83293,227.81157,356.72607,343.18826,252.81448,194.66638,141.59929,286.27304,380.95663,239.52902,237.09492,241.59882,183.95547,181.44725,353.52606,320.3219,404.0821,,7837.20294
1992,203.36984,273.56525,177.78079,98.940315,417.5956,125.10206,266.45224,246.91693,277.08273,124.34151,254.65839,199.22867,125.122154,336.864,307.536,235.73239,152.66809,200.86566,165.94806,102.04849,327.40747,203.10817,192.0416,237.0049,235.30797,255.81833,156.11348,174.46614,183.67674,210.98703,282.4228,156.20116,,6906.374959
1993,233.7759,239.66632,293.66705,203.1246,158.58775,225.1882,272.00836,336.54663,137.74733,249.28152,184.71872,131.77277,248.80933,212.26202,173.68266,197.16052,293.52484,225.58664,297.1556,299.7444,121.180405,189.9507,274.9179,314.7777,193.54738,298.83328,90.00657,170.22574,184.4234,347.45602,225.05272,302.3753,,7326.758275
1994,224.7176,291.9522,189.47658,174.6186,310.16882,169.65367,268.322,70.084656,160.65735,145.10443,93.968094,315.75998,246.99818,277.75928,201.18297,106.531944,226.2678,195.54099,177.25761,268.85114,420.03607,209.53217,179.3459,224.84962,75.15629,158.29099,224.84769,268.63132,188.81244,159.3425,187.63132,236.9506,,6648.300804
1995,157.61378,204.33151,187.43118,115.040535,233.41196,256.83673,246.64319,274.60602,234.73851,344.3773,266.835,200.61736,136.10385,248.33339,250.23576,211.90294,262.88034,198.54436,317.00174,172.96857,134.70746,166.17004,153.36092,332.99887,140.06633,155.41013,200.57396,151.6284,237.96107,144.0678,197.46266,310.99167,,6845.853335
1996,208.35286,214.90317,283.45,268.5495,217.1552,261.95538,271.71588,180.41597,133.37276,143.6359,250.22818,266.8653,313.05045,146.44716,232.75215,258.8907,224.59023,263.6067,253.05356,329.76047,150.40416,253.70937,244.40254,230.30061,123.59635,128.3927,243.09782,340.0017,180.16695,176.62222,172.78864,229.10854,,7195.34312
1997,363.16116,268.16498,297.22235,249.20909,238.636,195.14728,230.03156,328.08795,303.98,224.02306,411.5338,173.84961,359.6846,207.25882,178.33902,269.2632,299.7383,251.18887,210.59746,340.2059,216.77551,317.3934,213.41324,314.58093,123.23856,274.72464,304.67087,179.36649,324.55832,459.78,261.3254,220.28896,,8609.43933
1998,353.4122,293.4555,244.79195,174.41281,203.75917,195.43565,269.5499,249.77946,115.979774,181.51118,285.83176,292.3335,228.8163,181.45898,243.23398,132.4087,174.08914,284.2909,140.90529,175.46451,173.16321,193.62912,132.95819,176.73203,163.22597,185.44156,245.1693,241.8541,115.06008,271.5992,259.8861,256.13745,,6835.776964
1999,244.16649,197.15747,171.03854,108.21053,187.9508,153.8159,187.64403,258.342,161.86421,245.78412,245.2841,188.78181,286.70435,252.21365,265.57443,229.87929,350.93707,454.43207,246.71216,288.4957,176.35353,145.85095,227.2055,235.11554,198.94467,261.50507,318.6512,284.49594,216.00858,370.3092,192.24146,250.44984,,7602.1202
2000,265.45096,302.96017,164.66873,243.69301,161.0505,188.08914,284.9307,199.11406,197.73921,182.75507,336.63354,189.67778,267.83832,96.13067,144.01639,152.96278,233.69008,174.9366,357.97604,285.4675,127.87271,170.48207,210.9089,161.09618,222.04721,187.25388,281.87967,207.1904,198.42633,176.20415,197.84303,197.59154,,6768.57732
2001,299.97784,138.74913,213.42143,164.52063,247.91148,252.29237,211.41135,158.65172,161.12012,177.68475,235.11082,565.07135,241.95975,243.38052,251.78098,176.18965,189.83911,137.40456,283.81137,209.52477,369.18073,251.64143,196.70035,150.04614,352.26813,144.41483,107.899765,264.86258,179.08928,296.70508,175.58203,198.22128,,7246.425325
2002,154.26852,239.74768,209.73862,274.1232,184.8899,377.6634,369.44977,102.91661,176.18939,384.9095,205.1533,238.37117,161.63042,204.09206,235.052,241.87335,238.28809,227.47058,127.304306,234.6659,234.07004,246.76393,313.1737,200.54297,208.60834,280.71143,240.01459,241.18478,163.40265,117.632515,391.57446,261.5492,,7487.026371
2003,240.89838,243.5897,171.93356,305.5785,255.52118,257.80652,105.15993,239.78015,242.19044,114.2088,241.55273,258.6351,163.18161,249.03708,310.72043,218.57346,213.238,187.3008,285.78033,298.11554,187.50914,245.2894,212.28221,275.3269,101.616005,278.7693,174.8703,72.514984,277.49863,296.87662,325.3774,178.34085,,7229.073979
2004,252.3448,312.40906,372.3849,318.10156,255.68382,127.32246,189.25215,168.85268,103.216774,318.3267,250.30658,239.57536,257.6182,182.81844,256.71655,197.25313,111.12449,268.38974,205.2883,231.65164,163.88387,267.99182,251.15121,113.39916,288.66098,95.49801,293.20667,309.50415,162.36063,321.61,203.05714,182.51782,,7271.478794
2005,260.17612,189.7495,211.21252,254.35976,270.3443,168.33188,213.38516,176.66588,225.01503,199.75053,208.78609,243.4809,264.59192,173.57738,183.2108,176.57085,156.46051,340.83942,227.98265,215.89134,286.1102,277.97653,143.45995,331.28137,291.3711,225.739,414.43594,299.45563,296.6586,238.2891,160.707,217.67162,,7543.53858
2006,375.91724,245.01523,123.26933,143.58856,230.49094,225.96776,133.5155,290.7884,195.2846,188.43393,181.64236,143.0084,387.59818,135.8751,124.60935,322.48416,205.86606,256.0938,186.4518,151.77446,299.1225,280.94803,207.4898,276.18936,368.47702,266.62082,221.8894,234.52228,311.16266,110.16339,306.42545,221.13661,,7351.82248
2007,196.89778,344.86017,280.57523,212.26443,91.38089,237.87564,272.571,189.46526,134.48322,98.96213,77.093544,250.23723,291.8443,178.08492,327.83804,232.9627,179.24808,203.28827,127.66345,125.596855,384.3611,82.34637,171.09047,305.11905,216.0486,125.46644,135.17883,259.82172,421.5198,302.9625,290.97,336.61124,,7084.689259
2008,204.44713,365.1397,249.35077,262.95895,149.66525,179.295,102.44359,223.32906,305.4083,324.0469,228.57677,183.83363,303.95007,241.03581,187.63316,188.39284,249.6299,154.6671,415.29382,235.47527,428.19104,269.0093,220.32617,274.3519,171.0298,193.47556,146.98894,180.15189,294.4928,189.94836,215.38351,153.29291,,7491.2152
2009,248.18773,305.1086,234.56929,360.9641,131.07503,240.78917,141.99371,203.03856,307.34372,202.32613,245.34512,269.37604,217.87166,328.08237,161.49219,134.34276,120.02354,239.96107,234.62027,241.27983,429.81158,167.40656,228.17728,213.73993,137.90218,166.48817,382.15326,294.97586,140.08865,133.0855,195.456,398.89468,,7455.97054
2010,127.8821,144.20396,178.00891,100.02976,232.35823,264.8482,170.61705,264.35532,147.09042,201.01642,68.87452,221.7393,168.83766,264.4796,192.90744,237.1994,278.95493,180.05423,203.61444,279.73178,390.99194,217.8232,202.826,305.6816,384.48172,184.22357,211.80247,299.69363,82.33409,242.7959,140.18568,160.10043,,6749.7439
2011,160.39807,118.96169,136.78236,148.58789,342.15665,98.90066,101.927795,196.15475,234.35703,205.42366,299.95404,225.37285,123.57614,160.26085,153.47133,219.41634,67.32076,303.24722,382.87466,306.09332,151.55153,131.7435,272.29428,122.62929,280.15082,138.71848,257.7397,238.02208,230.77977,195.89288,256.94202,68.86681,,6330.569225
2012,236.1736,134.2821,304.14258,237.93895,223.00308,234.34584,232.2692,78.96539,316.5294,110.71928,160.26433,318.49118,181.4839,265.98566,195.97914,246.31204,172.74908,243.11922,227.91856,280.32825,310.36618,288.33548,123.74368,130.56862,316.13077,131.21803,166.2939,225.18257,259.8044,293.441,116.69657,272.80902,,7035.591
2013,158.71236,289.86453,153.90002,310.62485,206.55128,314.4525,265.9883,341.82745,167.51608,423.09778,233.09285,192.15317,123.608894,151.7172,238.91193,210.0147,188.40652,80.608826,197.43655,443.2516,210.32782,207.73242,158.9131,169.0848,229.86499,155.08961,415.07797,97.83503,246.75305,161.3303,291.62393,256.87396,,7292.24437
2014,176.67876,285.9685,149.02045,206.48227,200.7161,355.13812,414.23178,214.36984,341.48773,160.11047,255.24586,178.09055,91.84118,177.07368,355.02493,190.61012,260.8185,184.23041,173.63712,232.37685,218.77441,122.124596,319.87567,272.16745,202.2254,158.51437,250.88782,198.9307,168.9416,166.75493,317.28754,231.76692,,7231.404626
2015,445.2696,195.5996,254.75784,291.96027,220.1725,172.94814,232.12305,366.06653,143.52258,221.2754,182.88159,188.09895,259.23114,101.12199,242.32288,274.37643,266.66882,227.76988,180.09636,156.81973,229.52545,174.08803,151.2889,194.64304,144.91618,171.09843,232.03464,126.923416,253.29489,212.24106,228.30452,183.63736,,6925.079196
2016,182.72917,197.1638,231.08003,85.14834,239.75667,123.6524,271.26318,212.52408,137.96385,289.7163,240.54207,251.05952,133.71541,209.07541,153.2464,212.79692,154.23656,224.28445,210.02771,168.732,298.10794,295.6323,152.16933,194.63924,150.25189,268.38345,292.43973,191.50652,339.66187,219.62825,169.02975,195.85773,,6696.02227
2017,169.47441,382.03226,169.52023,143.33699,211.0898,237.80925,144.95358,184.71637,421.0754,152.40865,221.64255,168.78108,354.047,127.58371,160.252,275.3464,361.6522,181.1418,202.69919,316.5053,344.52356,166.27145,206.90248,315.38904,90.28802,151.52214,204.8462,297.7741,186.19984,151.02368,153.03638,239.11737,,7092.96243
2018,287.7128,245.5006,206.78175,216.42003,126.17496,189.8106,247.26472,436.16187,261.28998,385.11652,272.97458,129.98859,179.4659,365.91345,287.12726,111.32531,289.1211,235.78069,203.43265,372.18835,355.77835,189.21388,188.55975,224.73306,155.44466,189.0225,234.72772,291.49838,191.9022,496.6638,257.31537,225.1073,,8049.51868
2019,161.0561,281.23914,231.3557,224.2259,98.6483,262.71707,109.393425,123.98605,179.41756,194.94542,86.179,204.87117,164.25911,327.21445,188.75064,120.40537,293.64554,85.71011,136.97726,211.5966,205.60332,191.68787,299.614,135.16356,115.26019,262.60782,185.92209,165.87567,220.19197,196.27553,189.74457,337.9935,,6192.534005
2020,133.0073,114.25658,177.95358,304.056,211.09528,277.9257,170.16335,202.49377,232.56577,221.35182,189.98578,230.37701,226.74313,173.43329,370.34644,264.02673,213.62273,277.16565,236.18951,164.16261,177.16125,162.97269,192.74289,146.49217,139.96928,253.39056,184.38098,186.77599,123.14539,199.72195,169.93755,189.20975,,6516.82248
2021,235.42213,140.60835,186.23189,233.90709,278.14584,221.43771,62.754948,142.34657,198.63051,338.86612,265.127,232.10327,129.81647,137.88148,236.51262,207.77483,200.18849,257.53934,464.368,199.90207,143.6597,68.60792,299.76172,185.87968,130.97012,220.80841,323.8323,156.42433,171.81706,204.32823,167.03238,409.8523,,6852.538878
2022,294.05765,179.32216,136.12836,443.2488,210.04114,137.5871,213.49063,352.38693,329.81085,174.16724,293.39957,302.3855,297.05402,242.04906,147.06248,221.90028,251.09698,148.57597,295.01337,309.1217,252.37048,205.82838,153.55078,122.74279,262.33994,114.18399,169.19025,210.12428,226.79749,253.0767,77.33019,381.85184,,7407.2869
2023,215.49231,190.9748,170.83253,211.2319,199.55638,193.25285,276.3515,175.61487,323.88556,197.68713,143.39389,224.13983,140.8087,310.52304,145.00444,202.63728,242.57854,52.35385,150.5008,154.95976,214.30429,115.761246,165.08995,244.7132,168.41641,167.83153,136.80304,264.9585,139.7971,311.10852,330.31442,218.32037,,6399.198536
2024,179.99281,120.95706,187.6939,223.42804,233.8451,165.09216,106.23317,339.9559,266.56335,212.2884,246.93997,224.54611,86.68617,154.90141,397.7071,310.18842,219.21419,301.46283,144.61398,178.64272,227.1728,154.88754,190.97461,210.26854,250.12401,152.43314,218.81273,210.6229,267.42673,130.04807,185.12732,164.31717,,6663.16835
2025,244.07796,243.45961,205.94513,254.81639,92.64147,182.9347,105.49528,150.74516,167.9597,303.58414,231.68341,159.42122,190.51047,146.60126,114.20703,242.56024,276.97122,82.86375,254.74132,229.55777,410.42862,179.43373,156.5547,306.5385,115.90347,228.73683,243.18323,163.71805,231.05653,289.35864,180.51898,244.32579,,6630.5343
2026,128.24397,202.36736,188.77989,244.85355,311.89798,138.64412,131.17818,193.90555,233.91327,321.02582,106.079315,228.43445,135.59163,149.20876,232.76547,143.9968,204.65881,177.6402,278.81018,137.73685,251.31465,151.21216,331.57388,187.70137,228.25406,198.88327,187.58514,98.32279,215.70096,217.90767,193.68475,243.10762,,6394.980475
2027,310.12726,242.79955,176.05637,99.3068,196.2206,117.714745,343.25986,131.42195,198.02457,188.75671,211.78728,171.40201,282.86734,174.6611,141.19226,298.05225,302.8155,185.46089,157.21968,311.70108,276.01468,220.08827,164.58449,332.68903,291.19186,129.96202,280.6364,355.74695,204.99942,44.52901,216.29973,214.19487,,6971.784535
2028,290.5629,313.2997,126.41449,148.12917,229.54573,237.35597,169.81754,155.8971,204.88412,208.88933,260.7542,258.31683,196.77417,156.00415,173.3893,207.46829,179.22386,96.48702,133.81488,215.53403,173.42628,174.53848,162.1181,196.19019,118.5776,221.70198,187.067,343.18234,139.35963,150.80075,269.40457,196.72359,,6295.65329
2029,243.80988,327.62766,151.54645,179.51984,380.10406,163.76593,149.2219,113.33756,182.23845,221.77795,173.13939,104.7816,433.47293,299.86163,408.04987,91.29212,236.99855,239.67264,251.92763,270.5611,220.2607,206.23993,184.93927,271.43826,316.87708,117.766815,224.78436,113.88799,155.62875,155.76462,79.375,233.0286,,6902.698515
2030,334.209,326.24292,230.37227,252.7735,204.00243,209.49191,170.80414,214.65535,318.96796,112.12707,199.8574,249.58133,163.3022,93.63147,320.95392,144.70474,247.05061,188.33595,414.50546,264.38287,242.34888,237.91791,215.29532,355.04236,332.52457,307.75,199.93044,243.09378,149.82283,137.94794,262.10037,178.16383,,7521.89073
2031,198.4966,288.81216,202.13118,136.38821,138.68227,317.60852,207.3209,181.31523,145.87083,219.69876,86.13669,188.17839,274.90176,172.03261,266.51715,155.04048,199.89224,123.26996,254.53221,256.05106,371.59882,233.85027,141.53522,275.06223,181.23904,111.09623,214.5756,163.0263,451.73044,477.1197,281.16125,205.88606,,7120.75837
2032,230.28299,241.58778,162.30714,199.30077,107.56448,137.6466,234.32248,68.86438,313.8249,267.25342,71.54597,188.18031,389.3968,108.6952,190.93697,184.89394,168.43529,269.78723,152.15622,177.33693,203.93571,256.93854,243.77345,396.90598,313.82312,108.51393,297.11765,197.75134,183.31366,114.11278,220.25195,243.32008,,6644.07799
2033,164.19682,273.62662,138.24342,243.87195,223.91238,315.65192,199.02382,147.08534,303.55704,148.98793,276.74832,196.05554,155.62534,196.71564,91.54858,142.5276,214.40976,228.18716,251.07677,277.46555,79.59377,104.54207,182.81277,166.7482,197.49672,224.18793,176.88063,234.4471,112.88249,191.59222,70.679405,268.13812,,6198.518925
2034,313.18604,252.69237,361.35287,152.67082,169.8803,226.46254,127.53302,347.45816,290.89725,232.71425,213.21184,343.04492,251.98381,198.11328,151.55183,247.30621,151.35709,175.33147,336.52774,234.84915,240.24097,210.02063,142.3675,174.57213,113.28834,179.83888,81.27277,291.42896,262.7487,121.842964,225.5859,301.95663,,7123.289334
2035,331.05618,96.05121,135.79134,270.58005,161.1867,242.48622,149.3481,182.88333,130.24074,190.83281,260.1848,223.25835,272.75687,103.17306,215.74948,168.82085,235.30138,243.09233,366.14334,275.63663,267.3986,107.64671,173.76663,167.99974,154.54684,84.21262,258.8691,124.79974,315.2735,222.4531,71.824585,123.161385,,6326.52632
2036,144.6879,208.5906,438.626,92.67748,99.78858,165.07974,243.43329,200.66632,231.23788,270.0155,182.77061,187.35306,318.1314,141.42154,232.69757,244.31248,152.21504,78.131226,234.70174,294.01886,240.27248,171.82683,287.71252,137.66774,88.70869,390.69257,199.18399,202.90154,216.70718,277.4589,262.10223,217.4336,,6853.225086
2037,270.68668,187.26653,158.35689,163.09035,229.25586,163.60977,318.79166,385.48657,164.47992,398.1632,153.15211,368.40256,145.75504,339.29935,141.6304,227.13008,247.51949,130.8658,304.72763,275.52515,199.79434,85.29354,260.98245,195.8649,160.7425,211.59233,197.88344,248.34807,164.11508,157.6217,72.46604,258.73938,,6986.63881
2038,164.28549,239.01808,61.216206,143.73325,163.53625,92.01361,266.06784,194.52052,248.89993,332.7579,335.69525,178.43225,198.3407,244.55838,152.6627,165.7275,128.0656,212.62747,303.559,217.77551,258.89804,122.08588,180.74957,228.81677,343.0111,154.86493,357.8787,105.785965,130.98944,244.89064,175.88159,195.48325,,6542.829311
2039,330.54654,225.25452,118.45495,129.37933,126.90301,416.38004,138.8557,194.29059,141.59709,305.94757,124.97571,284.3177,87.05976,185.63512,191.00827,160.50201,216.95692,279.5086,297.83023,250.75923,133.8403,200.12405,219.2489,255.4429,224.92928,175.63066,212.95001,97.05067,246.85097,136.94939,199.88573,484.981,,6794.04675
2040,270.03424,196.35712,178.83965,200.2243,210.22307,250.84486,342.12534,217.16086,150.98795,355.26337,202.57362,283.06732,238.21062,95.86623,224.241,107.72083,210.55856,198.06825,343.5003,193.6973,285.2558,232.55922,155.84741,270.5169,104.423416,217.80775,412.5985,195.93663,91.132095,288.54797,199.83087,263.31787,,7187.339221
2041,277.6798,120.382866,278.77386,118.92264,143.60115,151.86769,241.5768,192.34215,177.44402,274.34198,199.21341,205.96872,255.99223,306.56885,154.93648,140.50063,216.17574,98.58829,286.6574,179.7861,158.06651,158.56706,211.89413,215.20906,182.69734,85.452156,117.263115,160.72972,351.96634,202.3636,180.43217,277.07556,,6323.037567
2042,197.26768,210.80247,167.49162,142.01694,259.20102,273.07492,160.8242,158.91946,112.51698,78.97072,246.06734,212.40285,304.97183,361.69632,208.43985,288.8146,287.98074,356.3617,269.3237,259.55383,226.1063,239.83536,110.82266,204.28094,320.10785,59.85575,207.55157,423.61594,205.43265,181.01877,234.918,65.19997,,7035.44453
2043,198.54575,190.32582,172.13304,117.84572,122.253525,107.7046,203.34438,182.99261,293.16003,138.2128,273.83853,250.84412,214.41446,184.19524,131.83627,86.51783,254.80551,250.98643,156.08823,260.63266,125.845146,204.46042,207.39142,189.93153,188.33403,251.84839,397.69855,153.10925,118.20203,148.71297,189.16672,251.19351,,6216.571521
2044,184.48044,149.2448,222.73265,198.80089,130.96077,155.65245,116.407616,353.91306,115.80371,172.8383,213.05902,166.48854,71.990135,218.04681,160.18588,386.95386,138.06897,191.9517,197.04733,223.46199,310.81802,197.56429,156.2123,150.48643,377.08646,255.09415,141.89415,214.70717,130.39145,180.00688,154.7735,204.30202,,6241.425741
2045,383.02634,262.967,113.3899,297.86832,107.79171,153.60835,180.68538,157.08469,251.14563,162.16217,289.4186,286.2809,198.80612,53.23368,365.3925,168.08752,154.67917,134.2742,231.42357,262.1538,198.8778,165.46971,151.96075,209.24956,226.69283,191.9191,188.97841,350.6326,182.76036,247.69911,246.10126,249.26923,,6823.09027
2046,250.55171,246.17673,125.45728,186.69414,333.40646,138.02106,277.3765,146.92953,217.16013,148.33766,60.55804,130.5734,72.48651,141.97792,135.69804,259.24835,325.38046,261.8678,107.65091,248.13321,185.5738,186.03314,177.3359,163.10489,168.30678,53.206642,206.13972,98.90204,139.3088,105.65873,251.94589,123.463295,,5672.665467
2047,199.13867,290.62912,89.098434,162.2264,241.0007,89.136505,122.58172,176.7901,94.09908,220.09723,29.558792,230.92456,137.253,175.94084,297.6903,204.2057,220.84529,226.50043,162.398,160.70482,278.97546,181.90047,159.78946,181.20882,251.79126,195.75128,281.17584,174.58723,171.92961,182.20647,196.10912,111.9947,,5898.239411
2048,306.36688,236.45522,188.79608,171.93764,155.70525,313.83685,155.88399,202.85715,169.32332,119.631065,91.4183,218.36473,149.56035,149.22781,204.91446,264.6634,151.53204,173.80824,324.4936,144.77286,165.15472,184.89488,221.25598,181.52182,151.12984,88.53665,321.52853,228.72343,151.43619,212.50835,215.1469,177.31783,,6192.704355
2049,122.31192,212.65787,245.54945,141.73795,180.38669,288.12036,153.69174,307.87408,113.89415,413.434,255.6526,146.95802,111.76546,309.75,130.25668,173.06946,229.74272,299.80594,281.47827,195.4024,350.32355,123.54425,164.19223,467.3325,226.20428,169.43103,135.56506,244.79852,149.89868,230.62132,215.65985,171.802,,6962.91303
2050,295.75085,201.03464,225.19392,177.21825,253.35417,128.40997,261.94147,264.30463,437.90558,132.18817,149.37857,128.26195,354.94424,179.54362,164.43744,135.60303,136.69313,168.74818,219.6189,314.50934,318.8394,363.26077,188.78195,185.159,260.3868,172.12508,144.64914,189.13708,186.30048,113.24846,308.26743,155.79076,,6914.9864
2051,290.95676,274.055,166.65324,270.36273,218.74236,224.26463,147.08073,139.75768,167.01587,229.35396,192.94429,276.76938,237.33415,153.56422,230.7568,230.65894,219.95761,179.23865,240.89886,374.918,179.18776,134.85352,112.45966,249.65614,339.8832,135.72462,307.82352,242.72777,201.67723,230.68425,91.12356,431.81714,,7122.90223
2052,148.75336,215.27272,103.41676,132.00809,191.07657,210.05998,73.88965,151.70558,154.1789,201.44226,133.67311,213.20647,124.061775,91.382286,231.99567,144.26874,190.06665,259.23053,199.66916,120.94326,182.53577,190.42572,234.08707,263.25702,245.0009,170.64113,236.59123,198.32121,275.47226,87.432045,143.16098,184.77827,,5702.005126
2053,132.14944,188.8902,406.14148,235.20273,205.89203,150.43074,106.22625,47.673843,141.67989,137.76068,67.91139,129.26384,230.64969,177.28145,174.13129,166.58563,207.49358,179.57416,166.36125,165.83058,211.91101,100.99141,203.4235,162.41432,136.04001,55.841328,199.58435,254.95795,113.06364,151.3648,160.5488,122.66348,,5289.934741
2054,160.17604,298.27,216.1021,205.64105,113.06061,159.40155,205.114,107.88079,133.75876,214.41092,206.92413,263.63342,109.82256,247.71402,118.971794,99.08294,168.92863,298.95453,162.9888,102.37829,292.49908,138.18372,220.96704,193.54495,153.9772,109.91396,168.76122,226.46127,219.96643,161.87659,89.47823,327.06488,,5895.909504
2055,160.82312,253.19308,162.97679,162.37477,204.94601,149.97945,259.99954,216.73299,145.02121,197.48726,213.63113,177.28255,129.59393,143.11703,105.721245,175.58377,213.4776,149.98778,132.01572,223.58691,138.04211,176.71751,217.0186,156.11298,186.11708,145.39857,175.75555,181.97366,170.82233,215.99857,160.79906,328.61798,,5830.905885
2056,140.84596,294.09634,98.25652,124.91667,281.66623,130.62315,255.98499,291.2321,106.706,352.58344,197.33195,260.67123,277.70212,111.23507,231.91246,192.26492,126.972275,140.56714,151.78079,213.46603,364.26343,258.41125,116.983315,80.73554,167.30328,221.92813,251.57864,270.45502,209.34583,277.20813,106.38856,60.061085,,6365.477595
2057,152.28716,158.06079,216.18437,146.75345,219.53423,443.89517,167.45337,286.2841,85.58104,200.50543,162.2642,231.81233,241.66371,208.85141,183.92793,213.86087,314.60648,327.94067,308.67743,158.70004,252.75623,112.14465,97.61757,193.71812,178.5488,357.82373,215.68387,159.77032,262.5542,204.44325,149.8128,247.67657,,6861.39429
2058,189.79617,203.99391,67.729515,145.67793,135.46996,111.70067,173.69843,148.57922,75.80712,96.75971,211.67584,222.06134,376.16937,78.74057,251.11688,131.24225,214.87692,142.01639,182.55519,140.09276,335.3708,147.881,71.69052,207.58344,205.6106,290.76025,435.46497,304.753,166.51549,117.098885,141.6877,165.79796,,5889.97476
2059,252.43813,236.9763,212.72386,225.47224,162.25496,296.70477,111.881935,91.717834,134.12772,452.84137,148.8744,296.92957,307.5591,164.88168,236.07277,376.1724,33.256863,198.87326,238.2504,108.33079,190.6603,137.82753,214.09692,207.8728,204.78131,200.45647,243.54031,95.08756,168.4966,139.49292,169.39198,322.1404,,6580.185452
2060,155.57166,234.01366,186.57358,244.68768,245.9811,179.83217,186.15036,135.43616,137.11215,391.59296,184.84882,113.36032,248.27975,148.17473,307.37027,170.28851,216.56879,218.0693,207.08835,344.79086,203.87956,285.35327,112.81464,245.1402,261.46832,234.79886,235.31229,304.43896,327.595,238.89714,118.06985,220.48476,,7044.04403
2061,107.60943,338.71042,194.9772,73.531364,337.95483,239.67926,135.94254,171.43524,197.13972,106.58547,104.68203,258.1393,248.79692,126.67924,320.70224,147.68628,110.7926,164.18874,181.40266,247.91872,384.9379,188.73358,253.06847,200.0961,135.08362,338.3748,305.36536,262.313,157.45157,204.74797,217.3124,363.04608,,6825.085054
2062,173.87888,123.92346,167.54393,219.86438,208.86037,158.88812,195.13638,103.637314,145.76656,172.4236,212.92285,301.62225,98.418884,218.16545,198.66493,171.0111,233.77394,99.77174,380.71994,259.6642,129.67012,85.55098,163.24306,200.53268,319.66745,106.5383,177.549,270.6139,160.95097,200.64856,213.30775,222.51346,,6095.444508
2063,215.33649,174.87877,253.89203,136.70721,206.66116,297.52368,140.35428,124.39421,128.55894,185.2657,224.86238,278.33054,211.15198,211.03516,199.56459,129.31857,184.5425,52.393745,140.45863,321.76953,255.24506,212.75533,141.02698,97.446,237.37042,168.22203,314.56998,266.71442,121.85788,220.09718,243.33815,186.13054,,6281.774065
2064,411.90073,317.25574,218.43391,210.77579,181.85976,113.87786,409.12082,182.8442,121.545616,126.87953,173.4323,182.58049,115.1995,113.00784,196.80992,228.92618,123.32579,230.39842,372.32797,202.51523,249.35284,211.44855,139.13718,137.1109,410.53897,107.86175,284.36578,282.74634,414.6388,228.57484,220.49208,359.61038,,7278.896006
2065,197.50182,287.80872,126.07904,151.44142,215.9197,166.1009,261.0985,285.04584,170.20175,161.38042,200.33246,271.7572,65.59317,223.93349,354.19385,155.80614,184.79694,221.6045,188.96951,136.2274,217.34274,107.56816,94.27291,246.94826,253.85393,67.953476,153.90588,123.707085,169.0626,343.31662,128.6826,185.99571,,6118.402741
2066,232.96237,295.9796,159.35335,248.52995,236.65668,185.46362,192.48149,181.56496,367.45334,240.66414,132.97995,83.23108,146.27652,209.38618,246.8259,101.77872,200.96312,165.3326,169.48407,183.74452,192.97427,132.9463,135.92296,127.01139,207.83514,232.01894,272.9741,230.74838,130.5323,251.24704,169.55698,86.21309,,6151.09305
2067,211.3299,100.024925,194.11996,119.11146,300.5034,173.86061,233.38335,186.61092,88.040054,219.24394,207.17209,263.1196,201.595,331.56323,287.72736,224.47571,247.12437,218.29976,188.61615,182.80318,280.4769,85.67888,91.22107,298.67355,117.51838,147.72511,210.7146,240.11145,254.97702,213.06798,350.49783,379.1472,,6848.534939
2068,181.09987,259.78577,267.62103,125.20021,203.86765,310.76697,294.4275,185.38133,194.80875,191.822,204.799,236.64351,338.82602,252.20364,127.60111,169.32025,290.2618,215.13168,191.07509,153.43796,368.8733,63.34136,156.78824,305.7823,134.77151,256.96976,135.48814,203.13599,166.7459,104.51815,145.26608,195.88196,,6631.64383
2069,122.41192,271.43884,203.4959,173.81227,192.103,154.44925,65.149086,278.66776,153.99213,196.33372,165.74811,157.27953,222.99538,221.27846,176.26292,166.45782,159.87689,200.70288,171.96255,180.98633,133.33293,136.53993,147.19994,239.94276,88.58814,217.63374,295.86993,245.49806,485.67184,212.99347,114.61473,237.29161,,6190.581826
2070,231.4856,320.5993,209.75267,131.38713,189.03378,104.96418,60.95669,214.39268,173.96654,161.42516,153.3271,266.80692,107.93829,232.38274,204.9326,210.21883,259.6456,133.70604,227.039,349.15933,154.52208,207.07869,176.49957,84.226494,165.12848,102.06689,359.6306,288.00552,366.8822,247.7654,264.33823,144.50734,,6503.771674
2071,218.84302,312.14243,165.0468,158.21332,211.9662,143.1479,359.3189,104.99218,143.91449,249.98393,68.44016,228.83951,212.81407,213.64633,232.2146,128.15063,294.32474,120.56576,213.01297,277.5989,203.27637,301.416,168.1201,267.0182,197.52737,173.65863,142.61609,185.44879,181.17523,92.4511,262.93015,193.83528,,6426.65015
2072,268.42432,179.69075,248.40997,81.62424,62.141518,252.2179,140.0961,121.13764,84.17689,136.77634,109.2592,258.2075,134.70221,183.16911,311.00403,258.46936,310.59772,140.3741,126.80583,298.9207,111.30476,195.67137,120.81659,127.68656,169.57274,403.04596,143.64038,210.47818,160.27802,170.68005,256.13873,135.93394,,5911.452708
2073,193.39856,209.18813,140.28879,116.93115,210.02942,245.11606,243.61574,157.54234,146.4971,139.73138,368.45822,136.8673,136.52899,148.2561,175.92992,222.67151,193.04448,174.93182,166.59488,202.08572,185.34752,201.57266,182.05812,213.8048,318.94916,152.92413,264.05804,235.90971,199.02553,289.5124,100.89753,298.13638,,6369.90359
2074,147.65543,219.1649,124.046646,163.64215,82.80143,285.41394,98.568306,155.57425,192.35268,332.0749,232.3248,168.63374,43.99941,303.67517,73.49014,169.6115,130.37006,201.19461,298.15472,229.27243,144.4852,144.22862,143.77963,159.04074,194.72902,491.0635,215.79851,306.51813,118.22111,279.79593,123.86921,111.31335,,6084.864162
2075,273.28146,198.50401,83.84596,61.391468,224.73555,143.46176,336.84827,109.96085,154.82079,206.4157,139.45435,302.66467,310.1134,89.29536,263.745,159.29016,128.6089,155.94263,202.37099,133.95454,136.42746,131.64664,119.40469,134.93832,388.14584,82.96787,108.37129,227.74258,196.24239,148.19418,220.46431,190.90002,,5764.151408
2076,132.13799,119.3392,166.38667,166.93866,190.26593,75.77438,61.46734,214.99623,66.29139,258.4227,210.10255,265.64075,109.53268,303.80942,117.05681,143.451,140.53142,314.8116,202.01251,347.26767,173.36261,74.66537,214.75874,276.68674,341.64563,58.87676,96.095215,243.93343,240.44055,82.55368,84.45882,102.50011,,5596.214555
2077,202.81334,301.3597,221.31525,118.74501,180.75745,298.9594,332.27966,441.67938,153.43903,217.70819,69.75348,232.2711,98.58551,234.60898,291.22293,288.3522,110.69726,251.60349,383.26846,246.97118,215.77681,143.07338,296.12796,325.7872,265.8223,178.37639,207.13785,287.9966,221.79242,42.97949,191.91406,143.04189,,7196.21735
2078,105.28572,100.45793,156.35156,279.27536,395.6299,89.13846,196.02094,142.79439,101.54177,281.07242,131.63968,237.51244,120.89323,91.637764,273.76407,177.24219,226.76225,162.48317,254.98529,167.72835,292.7333,198.11061,67.29642,219.34166,101.24279,114.80746,286.10727,203.17075,150.19656,272.21478,127.799866,75.50429,,5800.74264
2079,227.3279,216.25696,191.68413,230.7372,137.51768,300.4774,370.98077,97.861496,165.38055,124.509155,241.47485,215.10103,318.24152,86.1842,181.84065,207.59357,165.85657,140.85194,411.4621,214.69322,243.75487,140.9414,92.77382,163.15555,156.37387,32.607025,95.88387,91.944405,191.58182,117.222626,201.06209,188.56056,,5961.894797
2080,187.25642,230.36685,237.4184,268.57605,178.2092,127.27421,237.25272,122.43552,274.98535,157.87387,203.76439,176.43561,115.38137,207.19852,107.801445,208.34863,135.40253,262.19748,202.6387,187.11266,103.56713,61.70006,87.60509,120.11875,191.60852,185.04718,373.88428,225.7157,144.19353,465.01068,107.42437,121.16103,,6014.966245
2081,223.32632,181.0111,133.31653,179.54622,144.36934,269.22983,132.53058,91.928696,198.08998,157.54115,115.3415,237.97263,137.22417,111.19167,156.95961,256.9454,465.8194,211.68285,412.2484,223.07024,318.90256,163.09448,173.49013,177.924,234.35977,109.35636,442.29053,198.84882,154.84293,82.359184,220.67532,132.40443,,6447.89413
2082,187.16635,131.68225,251.14058,230.07913,96.43894,157.98878,179.51509,258.64673,105.858894,142.47447,233.39026,197.48058,146.47766,151.44699,162.37418,88.068924,207.94171,232.79088,267.42862,110.18964,325.69037,172.60936,116.68899,337.83423,154.07996,236.29218,261.6551,258.82382,199.03772,182.50125,110.6764,212.0193,,6106.489338
2083,344.8208,150.11711,249.49242,133.07709,95.44495,228.31158,166.62593,150.77213,384.357,239.62202,182.79523,234.01768,248.36484,210.54243,85.641045,204.5626,170.37819,176.88345,197.03287,176.81036,165.25356,131.57741,155.25677,191.77061,242.74883,34.75012,347.7354,103.31973,143.13312,194.51183,221.32117,257.96948,,6219.017755
2084,125.465546,346.14645,158.3639,141.76768,153.58064,185.61243,348.21338,123.07822,99.65107,185.55045,259.16846,190.88109,200.46283,163.76578,196.91008,317.41495,358.47556,189.72473,88.36278,201.5498,300.0557,182.95831,250.14629,195.44981,303.6318,128.07904,317.09726,201.23552,126.15049,216.81625,258.94696,162.8041,,6677.517356
2085,246.45183,344.2872,395.04144,271.29034,257.09274,329.88507,176.59975,187.47194,125.306076,258.84854,131.9912,215.85712,130.93544,192.54877,200.09827,152.83011,106.93065,167.92384,328.36188,128.97891,286.32742,153.4709,140.95216,234.25023,310.82297,170.5989,145.39603,133.64842,224.66644,472.69397,78.5767,231.49422,,6931.629476
2086,221.32312,307.9524,170.10501,131.11867,117.61108,61.246708,138.43924,149.03055,56.21191,86.88996,150.4853,257.63336,139.24936,156.74034,213.19374,221.60255,132.2539,332.48666,228.94829,248.14476,218.53087,160.3594,171.92372,192.18538,149.76733,242.7334,154.60782,325.9486,108.34482,121.45795,237.4291,141.216,,5745.171298
2087,221.9074,227.2992,167.2866,231.42883,137.55502,91.45451,330.56296,109.06051,105.64547,220.54608,162.6905,173.6095,148.46411,176.91562,263.715,139.9431,146.03131,133.0293,250.35541,165.24841,197.84332,148.3629,93.114006,201.42632,271.85645,149.03618,248.8119,239.73563,139.9388,68.789185,107.79317,285.01257,,5754.469271
2088,106.41279,163.81511,239.37701,148.01808,270.67386,189.27441,216.944,584.23444,103.419014,181.6679,161.6766,178.05022,45.13252,106.69268,343.97272,198.2947,189.87068,79.36775,211.66739,153.417,249.10902,216.15636,126.61671,220.76686,184.83864,42.03049,175.48412,196.78989,338.55493,188.02196,298.43765,240.38239,,6349.167894
2089,175.77226,237.09767,244.29166,145.64362,232.0225,161.19455,65.80685,103.19755,128.13914,122.59948,149.06075,115.63137,25.638557,184.14787,79.652855,232.4977,129.99437,342.79245,109.89281,266.2313,119.394684,157.14899,88.438095,247.17827,298.66904,59.84688,286.01184,214.42169,319.9116,321.0656,360.05066,173.32472,,5896.767381
2090,247.46713,199.17154,235.17015,272.33298,197.64963,114.31785,161.61649,366.41833,126.91279,141.04706,243.79588,199.35455,228.99605,263.70224,253.67946,117.81768,159.40926,181.61772,260.1827,99.90945,188.74265,249.8072,121.609116,233.50838,82.588104,231.57446,262.67377,157.8733,262.15826,151.61653,129.85432,173.57613,,6316.15116
2091,155.38463,346.78787,174.14691,118.26004,231.32045,115.443756,351.20016,58.331963,288.3409,138.60345,84.13631,336.1394,237.70483,219.95622,330.8014,255.71332,265.63425,129.4418,198.94745,238.1284,200.37578,83.226364,275.86545,278.62726,259.33447,237.73984,125.68275,298.60156,272.49014,360.01852,113.62098,289.3815,,7069.388123
2092,192.67604,277.5331,242.72758,261.7577,165.78033,337.72876,245.27248,151.0912,208.50853,158.64,146.0294,254.36855,63.18416,173.20992,171.66115,219.54279,142.47191,203.24692,236.92377,199.76735,328.8878,132.4012,111.49066,295.4929,155.78601,197.99937,140.84447,142.73715,204.60315,278.2612,194.37265,199.91942,,6434.91762
2093,245.9241,268.4231,110.54919,68.14033,289.54364,165.70335,114.57071,168.56511,204.02643,191.7523,83.57948,101.61808,250.48477,288.88644,97.53006,188.45319,198.29576,183.55211,214.56078,238.13043,257.47125,145.8192,146.17194,213.69348,101.24625,237.3944,208.5811,242.04376,202.78125,174.82938,184.62186,142.16165,,5929.10488
2094,187.3735,194.56714,130.38011,120.6536,209.84592,113.242584,131.51044,156.21547,105.17267,155.1014,166.28914,212.30704,361.7629,231.46696,237.79062,124.128265,307.5364,195.46968,234.92046,93.08829,322.34686,224.8615,114.259995,214.25444,251.57367,323.18515,374.1031,207.66959,114.73641,117.14978,248.48616,214.3562,,6395.805444
2095,241.12135,232.93015,148.32527,137.10965,253.619,110.96916,417.33362,210.36171,80.79612,192.95914,182.44305,326.6606,426.22516,120.24618,209.73537,228.1309,195.76022,168.36407,298.53976,176.32117,124.344025,186.78796,160.83,316.7637,145.08461,61.681606,230.18188,389.34946,112.664955,285.39352,288.22107,221.02301,,6880.277446
2096,249.26146,113.94254,81.00671,130.25519,144.1107,219.71077,139.82806,180.55254,135.6542,146.74199,289.52118,232.86568,162.12134,265.51224,140.66118,245.41058,210.69637,166.89099,137.5384,203.52853,253.17554,159.56194,195.33376,243.70273,159.87091,86.721565,129.40274,106.47082,180.308,183.09024,256.09213,298.5611,,5848.102125
2097,284.45923,126.403145,214.5912,116.690445,118.108315,200.60321,119.589,165.25659,96.80615,238.06108,100.70221,180.901,187.96815,193.07014,354.67032,151.90337,390.63705,115.54888,185.49551,131.68831,204.32286,141.71179,183.66649,160.16129,127.75388,169.95915,158.63235,294.81403,407.5566,190.80649,202.8134,237.72836,,6153.079995
2098,157.56873,367.28577,340.4062,255.55975,197.5736,223.23471,200.02538,207.987,124.8992,181.85776,92.60815,318.8409,145.5737,140.21988,220.07033,329.1937,175.89272,131.5777,256.91537,310.39035,190.40392,105.18705,170.02188,219.27853,213.92043,305.66937,124.63317,401.2227,312.4512,201.21283,345.11267,159.05128,,7125.84593
2099,174.45421,154.62189,228.9308,208.21738,264.44177,161.95528,248.54996,290.8695,127.814705,228.36497,157.56651,228.13892,277.65424,135.58391,169.56178,156.65466,280.95395,190.76477,181.8668,325.71603,92.05157,160.88225,305.5325,260.99304,116.08709,192.06691,193.16862,196.61984,176.55522,160.05011,64.35398,121.272865,,6232.31603
